{"cameraMode":{"drawMode":0,"name":"Shaded","section":"Shading Mode"},"sceneLighting":true,"audioPlay":false,"sceneViewState":{"m_AlwaysRefresh":false,"showFog":true,"showSkybox":true,"showFlares":true,"showImageEffects":true,"showParticleSystems":true,"showVisualEffectGraphs":true,"m_FxEnabled":false},"in2DMode":false,"pivot":{"x":-5.379307746887207,"y":-53.08355712890625,"z":188.6170196533203},"rotation":{"x":-0.1872500479221344,"y":0.021501388400793077,"z":-0.0041841426864266399,"w":-0.9821326732635498},"size":124.93623352050781,"orthographic":false}